{
  "X": [
    [
      0.11519811674529334,
      0.3821367179218922,
      0.005860116577642405,
      -0.9262556681882332,
      -0.5782817757964485
    ]
  ],
  "y": [
    0
  ]
}